<?xml version="1.0" encoding="UTF-8" standalone="no"?>
<!-- Generated May 30, 2017 10:43:47 PM by Hibernate Tools 5.2.3.Final --><!DOCTYPE hibernate-mapping PUBLIC "-//Hibernate/Hibernate Mapping DTD 3.0//EN" "http://www.hibernate.org/dtd/hibernate-mapping-3.0.dtd">
<hibernate-mapping auto-import="true" default-access="property" default-cascade="none" default-lazy="true">
    <class dynamic-insert="false" dynamic-update="false" mutable="true" name="org.softlang.maxmeffert.bscthesis.ccrecovery.companies.model.Employee" optimistic-lock="version" polymorphism="implicit" select-before-update="false" table="Employee">
        <id access="field" name="id" type="int">
            <column name="id"/>
            <generator class="org.hibernate.id.enhanced.SequenceStyleGenerator"/>
        </id>
        <property access="field" generated="never" lazy="false" name="age" optimistic-lock="true" type="int" unique="false">
            <column name="age" not-null="true"/>
        </property>
        <many-to-one access="field" cascade="all" class="org.softlang.maxmeffert.bscthesis.ccrecovery.companies.model.Department" embed-xml="true" fetch="select" insert="true" name="department" not-found="exception" optimistic-lock="true" unique="false" update="true">
            <column name="department_id"/>
        </many-to-one>
        <property access="field" generated="never" lazy="false" name="name" optimistic-lock="true" type="java.lang.String" unique="false">
            <column name="name"/>
        </property>
        <property access="field" generated="never" lazy="false" name="salary" optimistic-lock="true" type="double" unique="false">
            <column name="salary" not-null="true"/>
        </property>
        <one-to-one access="field" cascade="all" class="org.softlang.maxmeffert.bscthesis.ccrecovery.companies.model.Department" constrained="false" embed-xml="true" name="managedDepartment" property-ref="manager"/>
    </class>
</hibernate-mapping>
